Name,Email,Phone,Address
Jo Patterson,lkramer@example.org,,"50443 Jones River Suite 150
Lake Kevinport, WA 26353"
,derekweber@example.com,001-948-797-1577x52679,"83042 James Trafficway Apt. 215
West Levishire, IN 24167"
Shannon Hudson,teresa55@example.net,+1-203-614-7910x7042,"849 Adams Groves
New Andrea, AK 37567"
Patricia Hernandez,welchcharles@example.com,971-799-2444,"6720 Thomas Pines
Port Nicholas, NE 84903"
Michelle Johnson,joshua01@example.net,395-511-4664x8880,"355 Carrie Harbor Suite 693
Blackville, WA 12792"
Mallory Everett,robertknight@example.net,557.732.3011x9536,"94276 Maldonado Road
Port Beth, LA 64162"
Carl Jennings,walkersteven@example.org,001-872-440-1895x46698,"692 Timothy Shoals
North Davidville, MA 04492"
Lauren Garcia,dunnlauren@example.org,637.848.4097,
Mitchell Brown,zreed@example.org,+1-992-992-2045x338,"9607 Margaret Lock Apt. 419
Williamsview, ND 81376"
Brandon Byrd,ycase@example.org,001-744-287-0336x016,"45513 David Fords
Lake Ashleytown, WI 34100w"
Jennifer BallardRIU,markdaniel@example.org,8215770248,"0859 Derrick Terrace
North William, TX 39272"
Barbara Ochoa,swatts@example.org,+1-785-513-8431x226,"003 Graham Loaf Apt. 603
Arthurburgh, MD 80137"
Kelly Gill7KACU,smithnancy@example.com,6468026524,"75864 Johnson Mountain Suite 655
Lake Christopher, AK 31328"
Dominique Henson,jennifer53@example.org,(628)735-5878x0013,"5042 Trevor Roads
Barbarastad, CO 36096"
Jeffrey Sullivan,rebekahmiller@example.org,5342m99861,"56975 Brandy Grove Suite 094
Mitchellton, UT 39170"
John Terry,guerreroashley@example.com,2546376937,"363 Meredith Hills Suite 589
New Ericatown, MN 52738"
Anthony BrandtSl,thomaslauren@example.org,907.858.3484x58140,"706 Kristy Trace Suite 311
East Jonathan, VT 83232"
Billy Padilla,frederick05@example.org,(737)667-5255,"45F2 Joe Row Apt. 797
Kathleenmouth, CT 01108"
Erica Munoz,stokeserica@example.net,345-252-4555x138,"5195 Julie Estate Suite 834
East Nicole, TX 87200"
Carol Johnson,kyle91@example.net,001-906-751-3225,"18959 Michael Locks
Matthewmouth, MD 31268"
Christopher Gonzales,griffinjoseph@example.com,+1-665-350-4353x0699,"USS Christian
FPO AA 72456"
Amanda Shaffer,paul65@example.net,+1-701-476-2990x3522,"6302 Lopez Rapid Apt. 789
New Christine, HI 934796Z"
Brittany Bishop,sjames@example.net,240.534.8303,"011 Gregory Lodge
Carolmouth, AS 41883"
Lucas Chang,tony99@example.net,+1-381-320-7236x8763,"4580 Jasmin Cove Apt. 961
Diazville, LA 38738"
Julie Griffin,thomasandrew@example0org,433.703.4383,"6646 Martin Burg
Port Meganburgh, OR 19395"
Tyler Acosta,scottnicholas@example.com,(920)362-7329x915,"6158 Phelps Cliffs Apt. 043
East Hannah, CO 46561"
Amanda Wallace,tammyprince@example.org,416-776-9270,"6048 Miller Locks Suite 837
East Pamela, AR 74021"
Jessica Dickerson,davidcooper@example.org,306-905-3213,"540 Daniel Ridges
Ericburgh, OK 87682"
,treid@example.net,001-767-38301602x7212,"3869 Duane Motorway
Kimville, ID 37431EGd00"
Jenny Wilson,zcooper@example.org,001-430-603-4278,"0469 Michelle Trafficway
New5Heather, GU 91155"
Edward Stein,,252-333-0800,"14905 Rebecca Ford Suite 524
Danielmouth, OR 54352"
Anthony Woods,uford@exaYple.org,001-373-422-4416x8612,
Janet Salazar,belljorge@example.com,429.835.2852x65492,"3249 Johnson Trace
Duanemouth, ME 97205"
Terry Greene,,+1-335-274-3081,"5030 Sanchez Flats Suite 984
Scottport, IN 04033hO"
Troy Ortiz,cosborn@example.net,(606)818-2101x077,"15398 John Spurs
Piercetown, LA 52103"
Daniel Fuentes,hunterjessica@example.net,(413)419-1600x155,"USS Marquez
FPO AP 23457"
Jennifer Terry MD,ronaldnelson@example.net,798-688-2704x52494,"7978 Colon Squares Suite 435
West Jerry, MI 24458xsK6"
Mr. Paul Conway Jr.q,,001-878-434-5300x383,
Jose FriedmansvvD,njackson@example.com,604y255924,"USNV Gomez
FPO AE 87847"
Betty Spencer,bradleyfernando@example.net,,"674 Steven Knoll
Nealborough, WV 25740"
Crystal Santos MDRPEL,amy62@example.orgzn,(381)778-5788,"1274 Green Fords
New Gary, ID 10370"
,samantQa68@example.net,601.538.1592x73448,"5734 Durham Prairie Apt. 445
Davidmouth, OH 08114"
Bradley Holt,vincentgriffin@example.com,001-565-659-4257x0801,"115 Dominguez Squares
Amyfort, UT 48658"
Robert Jordan,baileymckinney@example.org,976-880-8236x49872,"27941 Hernandez Viaduct
East Donnamouth, MA 51933"
Patrick Griffith,justinthomas@example.com,+1-880-284-6586P552,"7326 Lori Street Suite 272
Christinatown, CO 05255"
Mark Underwood MD,dennis39@example.com,375.532.2776,"52036 Gary Crescent
New Adam, VI 62100"
Rachel Reyes,emmagregory@example.net,+1-782-319-0235x340,"17133 Hill Rest Apt. 967
Lake Mark, NE 86387"
Luis Tyler,,796.968.3952x192,"978 Christopher Ways Suite 448
Smithtown, CO 02505"
Sabrina Henson,anna63@example.net,001-428-719-9431x72023,"1R23 Jessica Drive Suite 422
North Richard, FM 82458"
,josephdixon@example.org,(318)862-9581,"28997 Ross Village Apt. 032
East Natalieville, IA 30478"
Kyle Lee,shannon39@example.org,(250)295-9619x982N,"1704 Lopez Vista
North Daniel, VI 77001"
Michael Watts,william47@example.org,7185701781,"7736 Mejia Plains
South Joshuatown, AZ 97920"
Heather Wyatt,pgreen@example.org,+1-423-611-6356,"3589 Woodard Unions
Hayesfurt, WV 91831"
Edward Williams,foxbrittany@example.netEp,(694)370-0436x027,"21834 Kelly Cove Suite 096
Port maurafort, IN 18227"
Aaron Brown,ashleynguyen@example.net,(963)505-6636,"741 Robert Extensions
West Stephanie, MO 07310"
Ruben Beard6z,,(609)968-6157,"795 Koch Roads
Timothyville, IL 28035Liu"
Kathleen Logan,henrytina@example.com,893.227.7755x844,"Unit 9796 Box 8872
DPO AA 14021"
Brandon Jackson,psantiago@example.org,(404)725-5464x3020,"98751 Jimenez Junction
New Roberta, DE 29932"
Sandra Griffin,htucker@example.net,733.925.5009x9464,"183 Linda Ferry Suite 118
Brittneymouth, MO 62031"
Daniel Glover,williamssusan@example.org,(842)609-9323,"806 Kathleen Expressway
South Amanda, WY 57456"
Leah Simon,jacob12@example.org,(818)572-6240x72541,"295 Ellison Mountain
New Jennifer, NV 36227"
Diana Cook,katherinebuchanan@example.org,862.882.7358,"5941 Guzman Street
Greenburgh, DE 37801"
Destiny Rodriguez,ashley77@example.org,517-534-1211,"36297 Bruce Station
Port Zachary, VI 20942"
Dr. Stephen Rodriguez,richardrandall@example.org,(425)230-2619x326,"82352 Kelly Trail
North Greg, MI 54261"
Susan Thompson,carolynpeterson@example.org,(879)678-90809,"3848 Michael Branch Suite 976
Kevinshire, FM 76943"
Laura Nguyen,meyermichael@example.org,(454)202-8998x7785,"365 Megan Island Apt. 535
Micheleshire, NY 09004L1"
Bruce Stone,umoorv@example.com,870-515-8105x00098,"8887 Jessica Stravenue Apt. 395
Rebeccaside, NJ 80292"
Kenneth Gaines,robersonrobert@example.com,+1-842-278-1909x058,"683 Fletcher Drive Suite 307
Deniseton, PA 75303"
Barbara Thompson,kevin82@example.org,+1-229-772-9376x695,"46332 Williams Land Suite 455
South Adrienne, AZ 25641"
Lynn Prince,ojohnson@example.com,(982)759-5578,"7955 Jennifer Underpass
Lake Zachary, OH 77196"
Danielde Reilly,imorrison@example.com,+1-254-676-5155,"9776 Richard Cliff
West Christopher, GU 17282"
,christopher60@example.com,9882979321,"45892 James Burg Suite 579
Tylertown, WV 690425gHq"
Margaret Baker,gregory97@example.com,+1-803-891-8129,"0657X Tammy Shoal
East Michelle, NJ 92229"
Erin Franco,jroach@example.org,001-316-854-6553x565,"321 Sanchez Branch
Patriciachester, OK 86033voBit"
Deanna Rodgers,josebyrd@example.com,999-842-5292x710,"5553 Martin Ports Suite 904
Millerchester, IA 92120"
Joshua Gardner,ewagner@example.org,8295583193,"880 Rice Drives Suite 710
New Nicholasmouth, SD 43283"
Wanda Gonzalez,rachelcollCns@example.org,(215)932-5385x5240,"0956 Kathleen Point Apt. 305
Meyershire, ID 66123"
Brandon Davis,hmassey@example.org,+1-313-329-7521,"19442 Samantha Well Suite 187
Josephtown, NJ 71104"
Gregory Nelson,mlee@example.com,8387987473,"59499 Singh Ports
East Heather, MA 58607"
Shelley Rodriguez,natalielopez@example.nethEQX,(812)951-1341x7414,"USNV Mcbride
FPO AE 26443a"
Thomas Reynolds,kimberlytaylor@example.org,+1-887-798-5953x16058,"94362 Paula Points
North Mary, CO 66854"
,kimberly65@example.org,+1-239-410-2918x8347,"31487 Mcdonald Hill
Lake Steven, VI 57510"
SamanTha Terry,veronica27@exampFe.net,3542455053,"552 Miller Loop
Lisaview, NJ 19548"
Dustin Cox,roger49@example.org,+1-740-354-0154x348,"USS Graham
FPO AP 65714"
Kimberly Benson,matthew31@example.org,811.562.2941,"81723 Danielle Roads Apt. 835
Lake Dawnburgh, DE 59382"
Dylan White,daviK31@example.net,766-283-8357,"3661 Kevin Passage Apt. 118
North Patricia, PW 95071"
Michael Mccarty,allencaitlin@example.com,+1-m33-731-8278x74522,"6048 Richard Oval Suite 406
Hendersonburgh, NM 22830"
Deborah Roberts,franklinpamela@example.net,887-661-5941x0174,"8999 Ashley Run Suite 704
East Phillipland, SC 30339"
Rachel Little,djohnson@example.org,764-542-7208x3756,
Daniel Harding,amanda28@example.com,(539)446-3693,"954 Russell Roads
Randalaville, GA 33552"
Yolanda Clark,pglenn@example.com,968-719-3491x7083,"5183 Orr Points
North Devonview, PR 79904"
Jennifer Brown,courtneygreer@example.net,485.951.1360x46923,
Jessica Thompson,edwin95@example.netS7Rjy,+1-380-393-3657x218,"339 Larson Creek
New Brian, KY 49447"
Maxwell Nichols,adamwright@example.org,+1-696-874-7940x08167,"3445 Johnson Crossroad Apt. 132
West Michaelside, WV 13362"
Stephen Mendoza,saraburke@example.com,+1-558-504-1011x7185,"7805 Tina Grove
Brandyville, MO 22335"
Veronica Moore,,(255)801-1373x2453,"0212 Austin Centers
Stephanieside, PA 748794e8"
Joanne Key DDS,ptapia@example.net,(778)906-4676x0W691,"01302 Karl Burgs
Christopherchester, AL 05143"
Eric Rich,pearsonkristy@example.com,4945392452,"783 Jade Inlet Apt. 140
Elizabethburgh, MD 78414"
Melissa Wall,fkelly@example.net,318-230-0649,"PSC 6408, Box 06M3
APO AE 68518"
JaRkie Maddox,lorirussell@example.net,(736)670-2924,"6126 Williams Port Apt. 713
Suemouth, MS 23395"
